{
  "hash": "9802b22a",
  "configHash": "91d0cd1a",
  "lockfileHash": "111e6cb6",
  "browserHash": "49d7b50b",
  "optimized": {
    "@angular/cdk/bidi": {
      "src": "../../../../../../node_modules/@angular/cdk/fesm2022/bidi.mjs",
      "file": "@angular_cdk_bidi.js",
      "fileHash": "aaa98d33",
      "needsInterop": false
    },
    "@angular/cdk/scrolling": {
      "src": "../../../../../../node_modules/@angular/cdk/fesm2022/scrolling.mjs",
      "file": "@angular_cdk_scrolling.js",
      "fileHash": "600b196e",
      "needsInterop": false
    },
    "@angular/cdk/text-field": {
      "src": "../../../../../../node_modules/@angular/cdk/fesm2022/text-field.mjs",
      "file": "@angular_cdk_text-field.js",
      "fileHash": "eb412b61",
      "needsInterop": false
    },
    "@angular/common": {
      "src": "../../../../../../node_modules/@angular/common/fesm2022/common.mjs",
      "file": "@angular_common.js",
      "fileHash": "cb210793",
      "needsInterop": false
    },
    "@angular/common/http": {
      "src": "../../../../../../node_modules/@angular/common/fesm2022/http.mjs",
      "file": "@angular_common_http.js",
      "fileHash": "699eafcf",
      "needsInterop": false
    },
    "@angular/core": {
      "src": "../../../../../../node_modules/@angular/core/fesm2022/core.mjs",
      "file": "@angular_core.js",
      "fileHash": "c422b27c",
      "needsInterop": false
    },
    "@angular/forms": {
      "src": "../../../../../../node_modules/@angular/forms/fesm2022/forms.mjs",
      "file": "@angular_forms.js",
      "fileHash": "b6eb2e97",
      "needsInterop": false
    },
    "@angular/material/badge": {
      "src": "../../../../../../node_modules/@angular/material/fesm2022/badge.mjs",
      "file": "@angular_material_badge.js",
      "fileHash": "f2a9665e",
      "needsInterop": false
    },
    "@angular/material/button": {
      "src": "../../../../../../node_modules/@angular/material/fesm2022/button.mjs",
      "file": "@angular_material_button.js",
      "fileHash": "c1c9781c",
      "needsInterop": false
    },
    "@angular/material/card": {
      "src": "../../../../../../node_modules/@angular/material/fesm2022/card.mjs",
      "file": "@angular_material_card.js",
      "fileHash": "dedd5668",
      "needsInterop": false
    },
    "@angular/material/checkbox": {
      "src": "../../../../../../node_modules/@angular/material/fesm2022/checkbox.mjs",
      "file": "@angular_material_checkbox.js",
      "fileHash": "64626efe",
      "needsInterop": false
    },
    "@angular/material/chips": {
      "src": "../../../../../../node_modules/@angular/material/fesm2022/chips.mjs",
      "file": "@angular_material_chips.js",
      "fileHash": "f5e48801",
      "needsInterop": false
    },
    "@angular/material/dialog": {
      "src": "../../../../../../node_modules/@angular/material/fesm2022/dialog.mjs",
      "file": "@angular_material_dialog.js",
      "fileHash": "7e5ef4e0",
      "needsInterop": false
    },
    "@angular/material/form-field": {
      "src": "../../../../../../node_modules/@angular/material/fesm2022/form-field.mjs",
      "file": "@angular_material_form-field.js",
      "fileHash": "c60f6e8c",
      "needsInterop": false
    },
    "@angular/material/icon": {
      "src": "../../../../../../node_modules/@angular/material/fesm2022/icon.mjs",
      "file": "@angular_material_icon.js",
      "fileHash": "06270581",
      "needsInterop": false
    },
    "@angular/material/input": {
      "src": "../../../../../../node_modules/@angular/material/fesm2022/input.mjs",
      "file": "@angular_material_input.js",
      "fileHash": "b66d4148",
      "needsInterop": false
    },
    "@angular/material/list": {
      "src": "../../../../../../node_modules/@angular/material/fesm2022/list.mjs",
      "file": "@angular_material_list.js",
      "fileHash": "d0bee61c",
      "needsInterop": false
    },
    "@angular/material/menu": {
      "src": "../../../../../../node_modules/@angular/material/fesm2022/menu.mjs",
      "file": "@angular_material_menu.js",
      "fileHash": "a44920e7",
      "needsInterop": false
    },
    "@angular/material/progress-spinner": {
      "src": "../../../../../../node_modules/@angular/material/fesm2022/progress-spinner.mjs",
      "file": "@angular_material_progress-spinner.js",
      "fileHash": "6efc7502",
      "needsInterop": false
    },
    "@angular/material/select": {
      "src": "../../../../../../node_modules/@angular/material/fesm2022/select.mjs",
      "file": "@angular_material_select.js",
      "fileHash": "7aa5811c",
      "needsInterop": false
    },
    "@angular/material/sidenav": {
      "src": "../../../../../../node_modules/@angular/material/fesm2022/sidenav.mjs",
      "file": "@angular_material_sidenav.js",
      "fileHash": "eeddd345",
      "needsInterop": false
    },
    "@angular/material/snack-bar": {
      "src": "../../../../../../node_modules/@angular/material/fesm2022/snack-bar.mjs",
      "file": "@angular_material_snack-bar.js",
      "fileHash": "63eed8e4",
      "needsInterop": false
    },
    "@angular/material/table": {
      "src": "../../../../../../node_modules/@angular/material/fesm2022/table.mjs",
      "file": "@angular_material_table.js",
      "fileHash": "e45b8f81",
      "needsInterop": false
    },
    "@angular/material/tabs": {
      "src": "../../../../../../node_modules/@angular/material/fesm2022/tabs.mjs",
      "file": "@angular_material_tabs.js",
      "fileHash": "b016a50a",
      "needsInterop": false
    },
    "@angular/material/toolbar": {
      "src": "../../../../../../node_modules/@angular/material/fesm2022/toolbar.mjs",
      "file": "@angular_material_toolbar.js",
      "fileHash": "ba50c688",
      "needsInterop": false
    },
    "@angular/material/tooltip": {
      "src": "../../../../../../node_modules/@angular/material/fesm2022/tooltip.mjs",
      "file": "@angular_material_tooltip.js",
      "fileHash": "a7b5eb56",
      "needsInterop": false
    },
    "@angular/platform-browser": {
      "src": "../../../../../../node_modules/@angular/platform-browser/fesm2022/platform-browser.mjs",
      "file": "@angular_platform-browser.js",
      "fileHash": "62e5db17",
      "needsInterop": false
    },
    "@angular/platform-browser/animations/async": {
      "src": "../../../../../../node_modules/@angular/platform-browser/fesm2022/animations/async.mjs",
      "file": "@angular_platform-browser_animations_async.js",
      "fileHash": "1f2a0eed",
      "needsInterop": false
    },
    "@angular/router": {
      "src": "../../../../../../node_modules/@angular/router/fesm2022/router.mjs",
      "file": "@angular_router.js",
      "fileHash": "6d9f37ab",
      "needsInterop": false
    },
    "rxjs": {
      "src": "../../../../../../node_modules/rxjs/dist/esm5/index.js",
      "file": "rxjs.js",
      "fileHash": "4155d2c6",
      "needsInterop": false
    },
    "rxjs/operators": {
      "src": "../../../../../../node_modules/rxjs/dist/esm5/operators/index.js",
      "file": "rxjs_operators.js",
      "fileHash": "158665db",
      "needsInterop": false
    },
    "zone.js": {
      "src": "../../../../../../node_modules/zone.js/fesm2015/zone.js",
      "file": "zone__js.js",
      "fileHash": "16996bbe",
      "needsInterop": true
    }
  },
  "chunks": {
    "browser-JUA7OYNQ": {
      "file": "browser-JUA7OYNQ.js"
    },
    "chunk-27QW57WN": {
      "file": "chunk-27QW57WN.js"
    },
    "chunk-F7JYQUQA": {
      "file": "chunk-F7JYQUQA.js"
    },
    "chunk-N6PLU4ZC": {
      "file": "chunk-N6PLU4ZC.js"
    },
    "chunk-GGRJFTMR": {
      "file": "chunk-GGRJFTMR.js"
    },
    "chunk-TDY7SYYN": {
      "file": "chunk-TDY7SYYN.js"
    },
    "chunk-JBK5NF5N": {
      "file": "chunk-JBK5NF5N.js"
    },
    "chunk-LW5UGOAF": {
      "file": "chunk-LW5UGOAF.js"
    },
    "chunk-R7UEXIWZ": {
      "file": "chunk-R7UEXIWZ.js"
    },
    "chunk-WRHYIXQK": {
      "file": "chunk-WRHYIXQK.js"
    },
    "chunk-JPAF2W4R": {
      "file": "chunk-JPAF2W4R.js"
    },
    "chunk-JAUCVDPG": {
      "file": "chunk-JAUCVDPG.js"
    },
    "chunk-6MUGNIWX": {
      "file": "chunk-6MUGNIWX.js"
    },
    "chunk-CNLT465W": {
      "file": "chunk-CNLT465W.js"
    },
    "chunk-OFI7A7NP": {
      "file": "chunk-OFI7A7NP.js"
    },
    "chunk-C6W2GMAT": {
      "file": "chunk-C6W2GMAT.js"
    },
    "chunk-46HAYV32": {
      "file": "chunk-46HAYV32.js"
    },
    "chunk-VENV3F3G": {
      "file": "chunk-VENV3F3G.js"
    },
    "chunk-6362K2ZE": {
      "file": "chunk-6362K2ZE.js"
    },
    "chunk-YTBFG2KA": {
      "file": "chunk-YTBFG2KA.js"
    },
    "chunk-7UJZXIJQ": {
      "file": "chunk-7UJZXIJQ.js"
    },
    "chunk-Y6GWAIDR": {
      "file": "chunk-Y6GWAIDR.js"
    },
    "chunk-5DRVFSXL": {
      "file": "chunk-5DRVFSXL.js"
    },
    "chunk-XWXJOD3N": {
      "file": "chunk-XWXJOD3N.js"
    },
    "chunk-JBQ2FWSJ": {
      "file": "chunk-JBQ2FWSJ.js"
    },
    "chunk-GAK65PD2": {
      "file": "chunk-GAK65PD2.js"
    },
    "chunk-3YGSUNV2": {
      "file": "chunk-3YGSUNV2.js"
    },
    "chunk-MAT3DEIO": {
      "file": "chunk-MAT3DEIO.js"
    },
    "chunk-FJSZLSQ5": {
      "file": "chunk-FJSZLSQ5.js"
    },
    "chunk-H4LQPAO2": {
      "file": "chunk-H4LQPAO2.js"
    },
    "chunk-OUSM42MY": {
      "file": "chunk-OUSM42MY.js"
    },
    "chunk-FVA7C6JK": {
      "file": "chunk-FVA7C6JK.js"
    },
    "chunk-HWYXSU2G": {
      "file": "chunk-HWYXSU2G.js"
    },
    "chunk-JRFR6BLO": {
      "file": "chunk-JRFR6BLO.js"
    },
    "chunk-MARUHEWW": {
      "file": "chunk-MARUHEWW.js"
    },
    "chunk-GOMI4DH3": {
      "file": "chunk-GOMI4DH3.js"
    }
  }
}